Player Name,Runs,Balls,1s,2s,3s,Fours,Sixes,Dots,Strike Rate,Status,Bowler Out,Fielder Out
Abhishek Sharma,57,44,12,5,3,5,1,18,129.55,Caught,Pollard,H Pandya
David Warner,5,8,3,1,0,0,0,4,62.50,Bowled,Bumrah,
Travis Head,28,18,5,2,1,4,0,6,155.56,Caught,Chahar,SKY
Heinrich Klaasen,22,13,4,1,0,1,2,5,169.23,Caught,H Pandya,Will Jacks
Aniketh Verma,8,9,3,1,1,0,0,4,88.89,Caught,H Pandya,Will Jacks
Ben Cutting,19,11,5,1,0,3,0,2,172.73,Caught,Santner,H Pandya
Nitish Reddy,1,2,1,0,0,0,0,1,50.00,Bowled,Santner,
Pat Cummins,13,6,2,1,1,0,1,1,216.67,not out,,
B Kumar,1,2,1,0,0,0,0,1,50.00,not out,,
