Player Name,Runs,Balls,1s,2s,3s,Fours,Sixes,Dots,Strike Rate,Status,Bowler Out,Fielder Out
David Warner,30,19,5,4,1,2,1,6,157.89,LBW,Mohammed Siraj,
Travis Head,43,27,11,8,0,1,2,5,159.26,Bowled,Lockie Ferguson,
Abhishek Sharma,41,27,4,7,3,2,1,10,151.85,Bowled,Karn Sharma,
Heinrich Klaasen,13,10,4,3,1,0,0,2,130.00,Bowled,Karn Sharma,
Kane Williamson,24,9,2,1,0,5,0,1,266.67,Bowled,Yash Dayal,
Rashid Khan,26,12,3,2,3,1,1,2,216.67,not out,,
Pat Cummins,1,1,1,0,0,0,0,0,100.00,Caught,Glenn Maxwell,Karn Sharma
Nitish Reddy,17,9,5,1,0,1,1,1,188.89,not out,,
