Player Name,Runs,Balls,1s,2s,3s,Fours,Sixes,Dots,Strike Rate,Status,Bowler Out,Fielder Out
Dale Steyn,19,12,3,3,0,1,1,4,158.3,Bowled,Bumrah,
Manish Reddy,61,41,15,5,2,3,3,13,148.8,not out,,
Eshan Malinga,79,66,23,10,2,3,3,25,119.7,not out,,
B Kumar,0,0,0,0,0,0,0,0,0.0,not out,,
T Natarajan,0,0,0,0,0,0,0,0,0.0,not out,,
Pat Cummins,0,0,0,0,0,0,0,0,0.0,not out,,
Ben Cutting,0,0,0,0,0,0,0,0,0.0,not out,,
Nitish Reddy,0,0,0,0,0,0,0,0,0.0,not out,,
Aniketh Verma,0,0,0,0,0,0,0,0,0.0,not out,,
Heinrich Klaasen,0,0,0,0,0,0,0,0,0.0,not out,,
Abhinav Manohar,0,0,0,0,0,0,0,0,0.0,not out,,
