Player Name,Runs,Balls,1s,2s,3s,Fours,Sixes,Dots,Strike Rate,Status,Bowler Out,Fielder Out
Chahar,102,67,16,14,4,7,3,23,152.2,not out,,
Boult,53,40,9,3,8,2,1,17,132.5,Caught,Dale Steyn,Aniketh Verma
Bumrah,15,12,1,0,0,2,1,8,125.0,not out,,
Santner,0,0,0,0,0,0,0,0,0.0,not out,,
K Sharma,0,0,0,0,0,0,0,0,0.0,not out,,
H Pandya,0,0,0,0,0,0,0,0,0.0,not out,,
Pollard,0,0,0,0,0,0,0,0,0.0,not out,,
Rickelton,0,0,0,0,0,0,0,0,0.0,not out,,
Rohith Sharma,0,0,0,0,0,0,0,0,0.0,not out,,
Will Jacks,0,0,0,0,0,0,0,0,0.0,not out,,
SKY,0,0,0,0,0,0,0,0,0.0,not out,,
