pitch,seed,match_status,innings1_runs,innings1_wickets,innings1_declared,innings1_overs,innings2_runs,innings2_wickets,innings2_declared,innings2_overs,innings3_runs,innings3_wickets,innings3_declared,innings3_overs,innings4_runs,innings4_wickets,innings4_overs
Green,1,completed,87,10,No,22.5,223,9,Yes,57,224,10,No,55.6,89,3,28.1
Green,2,completed,134,10,No,41.5,297,9,Yes,78,152,9,Yes,35,0,0,0
Green,3,completed,244,10,No,64.1,245,9,Yes,62,334,9,Yes,84,115,10,35.4
Green,4,completed,193,10,No,59.1,165,9,Yes,42,138,9,Yes,45,167,7,43.4
Green,5,completed,168,10,No,39.2,147,10,No,35.4,140,9,Yes,35,162,8,44
Green,6,completed,229,10,No,53.4,109,9,Yes,32,105,9,Yes,28,137,10,36.5
Green,7,completed,271,9,Yes,63,229,9,Yes,62,175,9,Yes,51,218,6,48.4
Green,8,completed,154,10,No,45.1,129,9,Yes,34,217,9,Yes,59,243,9,66.2
Green,9,completed,206,10,No,50.5,112,9,Yes,28,294,9,Yes,80,316,10,86.3
Green,10,completed,160,10,No,40.5,83,9,Yes,20,143,9,Yes,38,206,10,56.6
Green,11,completed,243,10,No,56.2,197,9,Yes,46,147,9,Yes,35,194,8,42
Green,12,completed,198,10,No,45.5,217,9,Yes,48,61,9,Yes,20,43,1,11
Green,13,completed,81,10,No,32.2,180,9,Yes,47,198,9,Yes,51,100,4,21.5
Green,14,completed,92,10,No,29.5,130,9,Yes,31,124,9,Yes,35,87,4,21.3
Green,15,completed,124,10,No,30.3,174,9,Yes,45,146,9,Yes,43,82,10,25.2
Green,16,completed,81,10,No,23.2,144,9,Yes,37,118,9,Yes,32,56,2,13.4
Green,17,completed,150,10,No,45.1,188,9,Yes,49,129,10,No,38.4,92,6,21.3
Green,18,completed,205,10,No,46.4,163,9,Yes,51,319,9,Yes,80,209,10,52.4
Green,19,completed,195,10,No,46.4,187,9,Yes,56,206,9,Yes,53,218,7,57
Green,20,completed,207,10,No,51.4,223,9,Yes,53,159,9,Yes,40,144,5,32.3
Green,21,completed,190,10,No,51.1,157,9,Yes,41,247,9,Yes,59,281,8,71.3
Green,22,completed,104,10,No,27.4,87,9,Yes,21,216,9,Yes,49,237,8,64.5
Green,23,completed,210,10,No,52.3,147,10,No,36.2,203,9,Yes,51,154,10,36.1
Green,24,completed,89,10,No,17.4,186,9,Yes,54,143,9,Yes,33,47,0,10.5
Green,25,completed,256,9,Yes,66,217,9,Yes,46,102,9,Yes,31,111,10,32.2
Green,26,completed,152,10,No,41.2,167,9,Yes,41,202,9,Yes,59,188,8,42.3
Green,27,completed,77,10,No,25.5,225,9,Yes,61,188,9,Yes,46,41,0,11.2
Green,28,completed,177,10,No,48.2,203,9,Yes,57,203,9,Yes,55,178,6,50.5
Green,29,completed,118,10,No,33.5,175,9,Yes,41,99,9,Yes,25,43,2,11.3
Green,30,completed,135,10,No,41.5,143,9,Yes,38,72,9,Yes,23,65,9,21.4
Green,31,completed,120,10,No,30.3,324,9,Yes,73,124,9,Yes,26,0,0,0
Green,32,completed,126,10,No,37.5,139,9,Yes,31,159,9,Yes,42,148,6,33.1
Green,33,completed,173,10,No,43.2,134,9,Yes,46,98,9,Yes,25,138,6,32.1
Green,34,completed,229,10,No,56.6,421,9,Yes,98,149,9,Yes,39,0,0,0
Green,35,completed,288,9,Yes,75,191,9,Yes,51,188,9,Yes,43,217,10,57.3
Green,36,completed,233,10,No,59.6,189,9,Yes,47,43,10,No,16.4,88,6,28.2
Green,37,completed,170,10,No,43.5,117,9,Yes,32,218,9,Yes,60,143,10,37.3
Green,38,completed,91,10,No,23.5,74,9,Yes,25,142,9,Yes,45,160,8,42.1
Green,39,completed,181,10,No,53.5,334,9,Yes,84,138,9,Yes,35,0,0,0
Green,40,completed,214,10,No,61.3,189,9,Yes,42,80,9,Yes,22,106,6,24.2
Green,41,completed,215,10,No,54.2,136,9,Yes,40,233,10,No,58.5,250,10,66.2
Green,42,completed,163,10,No,42.5,165,9,Yes,37,199,9,Yes,55,109,10,25.4
Green,43,completed,264,10,No,63.6,158,9,Yes,43,63,9,Yes,20,170,9,46
Green,44,completed,227,10,No,66.6,76,9,Yes,20,199,9,Yes,59,111,10,32.2
Green,45,completed,258,9,Yes,57,200,9,Yes,48,95,9,Yes,24,154,7,41.3
Green,46,completed,75,10,No,20.6,97,9,Yes,28,125,10,No,30.6,104,8,30.5
Green,47,completed,150,10,No,35.4,140,9,Yes,37,245,9,Yes,66,199,10,43.4
Green,48,completed,255,9,Yes,51,146,9,Yes,35,79,9,Yes,24,189,7,46.5
Green,49,completed,250,10,No,67.3,85,9,Yes,23,206,9,Yes,47,297,10,66.1
Green,50,completed,163,10,No,49.1,138,9,Yes,35,115,9,Yes,30,141,6,38
Green,51,completed,177,10,No,44.4,279,9,Yes,65,210,9,Yes,51,110,3,26.4
Green,52,completed,146,10,No,46.4,93,9,Yes,28,150,9,Yes,47,180,10,42.4
Green,53,completed,164,10,No,47.4,120,9,Yes,30,294,9,Yes,73,298,10,78.4
Green,54,completed,191,10,No,44.4,203,9,Yes,45,288,9,Yes,67,178,10,49.3
Green,55,completed,184,10,No,41.6,312,9,Yes,71,170,9,Yes,44,45,4,12.1
Green,56,completed,93,10,No,28.1,65,10,No,18.1,166,9,Yes,49,195,9,48.5
Green,57,completed,125,10,No,35.5,205,9,Yes,57,123,9,Yes,30,44,4,11
Green,58,completed,219,10,No,58.3,264,9,Yes,61,143,9,Yes,35,99,3,26.3
Green,59,completed,183,10,No,51.4,88,9,Yes,21,146,9,Yes,36,242,4,57.5
Green,60,completed,146,10,No,41.4,295,9,Yes,76,212,9,Yes,50,64,5,14
Green,61,completed,89,10,No,26.2,119,9,Yes,31,278,9,Yes,75,251,8,57.5
Green,62,completed,173,10,No,45.3,161,9,Yes,42,256,9,Yes,65,137,10,43.2
Green,63,completed,171,10,No,43.3,80,9,Yes,25,166,9,Yes,42,188,10,53.3
Green,64,completed,159,10,No,35.5,106,9,Yes,30,216,9,Yes,52,270,8,72.1
Green,65,completed,120,10,No,26.5,205,10,No,51.6,190,9,Yes,52,107,7,26.2
Green,66,completed,151,10,No,46.3,149,9,Yes,34,227,9,Yes,53,51,10,18.6
Green,67,completed,138,10,No,43.3,336,9,Yes,80,107,9,Yes,29,0,0,0
Green,68,completed,158,10,No,42.1,97,9,Yes,23,137,9,Yes,37,187,10,46.6
Green,69,completed,237,10,No,60.1,146,9,Yes,45,220,9,Yes,51,315,7,71.3
Green,70,completed,158,10,No,44.3,311,9,Yes,81,153,9,Yes,42,1,0,0.1
Green,71,completed,151,10,No,40.3,117,9,Yes,36,124,9,Yes,37,159,4,40.3
Green,72,completed,298,9,Yes,77,195,9,Yes,44,176,9,Yes,45,110,10,29.2
Green,73,completed,228,10,No,62.5,199,9,Yes,51,399,9,Yes,92,385,10,94.3
Green,74,completed,143,10,No,36.6,111,9,Yes,34,63,10,No,19.2,96,7,29.2
Green,75,completed,94,10,No,29.4,68,9,Yes,20,170,10,No,43.5,199,8,47.4
Green,76,completed,166,10,No,46.3,104,9,Yes,30,110,10,No,30.2,151,10,34.2
Green,77,completed,260,9,Yes,55,226,9,Yes,64,228,9,Yes,58,248,10,70.4
Green,78,completed,188,10,No,45.5,161,9,Yes,39,224,9,Yes,54,242,10,60.2
Green,79,completed,362,9,Yes,87,86,9,Yes,25,190,10,No,41.4,,,
Green,80,completed,112,10,No,36.1,109,9,Yes,30,142,9,Yes,39,119,10,36.6
Green,81,completed,174,10,No,44.4,83,9,Yes,21,304,9,Yes,76,190,10,50.3
Green,82,completed,251,10,No,61.3,314,9,Yes,70,249,9,Yes,71,187,6,42.3
Green,83,completed,137,10,No,39.1,193,9,Yes,51,66,10,No,19.3,13,1,2.4
Green,84,completed,140,10,No,37.3,165,9,Yes,42,210,9,Yes,57,86,10,23.6
Green,85,completed,166,10,No,41.6,165,9,Yes,41,81,9,Yes,22,85,7,23.1
Green,86,completed,168,10,No,49.3,138,9,Yes,33,166,9,Yes,45,197,9,51.1
Green,87,completed,177,10,No,43.2,196,9,Yes,49,164,10,No,39.6,146,9,33.3
Green,88,completed,197,10,No,45.5,228,9,Yes,55,297,9,Yes,72,267,8,63.5
Green,89,completed,333,9,Yes,68,108,9,Yes,28,139,10,No,37.6,,,
Green,90,completed,89,10,No,27.3,269,9,Yes,73,214,9,Yes,50,35,0,7.4
Green,91,completed,127,10,No,28.6,171,9,Yes,41,147,10,No,33.6,104,4,25.2
Green,92,completed,255,9,Yes,65,51,10,No,14.2,132,10,No,38.6,,,
Green,93,completed,134,10,No,35.2,88,9,Yes,26,172,9,Yes,42,216,10,48.1
Green,94,completed,145,10,No,35.2,150,9,Yes,38,231,9,Yes,62,228,9,61.5
Green,95,completed,182,10,No,47.5,282,9,Yes,70,221,9,Yes,58,122,7,34.4
Green,96,completed,171,10,No,41.6,288,9,Yes,73,147,9,Yes,42,33,0,8
Green,97,completed,191,10,No,54.2,265,9,Yes,63,83,9,Yes,22,10,0,1.4
Green,98,completed,172,10,No,49.2,175,9,Yes,41,270,9,Yes,70,196,10,51.2
Green,99,completed,209,10,No,59.4,93,9,Yes,24,187,9,Yes,46,193,10,48.5
Green,100,completed,354,9,Yes,89,110,9,Yes,24,185,10,No,43.6,,,
Dry,1,completed,140,10,No,36.6,403,9,Yes,106,116,9,Yes,36,0,0,0
Dry,2,completed,427,9,Yes,120,296,9,Yes,72,143,9,Yes,39,105,10,28.4
Dry,3,completed,394,9,Yes,97,294,9,Yes,73,153,9,Yes,38,102,10,31.2
Dry,4,completed,262,10,No,79.4,181,9,Yes,51,168,9,Yes,51,138,10,38.1
Dry,5,tied,234,10,No,56.6,312,9,Yes,73,278,9,Yes,65,200,10,46.1
Dry,6,completed,266,10,No,59.3,166,9,Yes,44,171,9,Yes,39,155,10,51.1
Dry,7,completed,330,9,Yes,83,380,9,Yes,98,284,9,Yes,67,121,10,35.6
Dry,8,completed,245,10,No,63.3,216,9,Yes,63,137,9,Yes,39,154,10,39.2
Dry,9,completed,273,9,Yes,65,455,9,Yes,121,129,9,Yes,38,0,0,0
Dry,10,tied,157,10,No,40.5,209,9,Yes,51,249,9,Yes,59,197,10,42.2
Dry,11,completed,274,9,Yes,63,334,9,Yes,75,208,9,Yes,54,149,4,31.4
Dry,12,completed,344,9,Yes,81,245,9,Yes,58,185,9,Yes,47,66,10,16.1
Dry,13,completed,228,10,No,60.6,208,9,Yes,54,296,10,No,68.6,128,10,33.3
Dry,14,completed,117,10,No,33.1,94,9,Yes,25,345,9,Yes,82,204,10,53.1
Dry,15,completed,175,10,No,45.4,359,9,Yes,98,157,9,Yes,43,0,0,0
Dry,16,completed,170,10,No,46.4,282,9,Yes,71,345,9,Yes,82,137,10,37.3
Dry,17,completed,244,10,No,67.4,357,9,Yes,81,207,9,Yes,56,62,10,14.1
Dry,18,completed,347,9,Yes,85,276,9,Yes,75,172,9,Yes,39,118,10,31.4
Dry,19,completed,252,10,No,60.2,182,9,Yes,52,300,9,Yes,74,225,10,58.1
Dry,20,completed,377,9,Yes,96,181,9,Yes,47,210,9,Yes,45,200,10,52.2
Dry,21,completed,272,9,Yes,70,149,9,Yes,43,205,10,No,50.5,165,10,42.6
Dry,22,completed,245,10,No,61.5,143,9,Yes,34,395,9,Yes,94,143,10,40.2
Dry,23,completed,271,9,Yes,64,439,9,Yes,112,111,9,Yes,26,0,0,0
Dry,24,completed,272,9,Yes,64,233,9,Yes,53,286,9,Yes,69,139,10,37.4
Dry,25,completed,407,9,Yes,99,268,9,Yes,65,131,9,Yes,35,209,10,53.4
Dry,26,completed,164,10,No,41.6,217,9,Yes,49,278,9,Yes,79,153,10,32.6
Dry,27,completed,364,9,Yes,91,87,9,Yes,25,259,10,No,68.3,,,
Dry,28,completed,510,10,No,131.6,296,10,No,73.2,156,10,No,35.2,,,
Dry,29,completed,237,10,No,52.6,244,9,Yes,61,220,9,Yes,53,215,9,55.3
Dry,30,completed,151,10,No,44.3,255,9,Yes,63,282,9,Yes,66,179,8,47
Dry,31,completed,382,9,Yes,91,275,9,Yes,71,71,9,Yes,22,108,10,28.1
Dry,32,completed,131,10,No,38.5,329,9,Yes,76,213,9,Yes,56,16,2,9.2
Dry,33,completed,270,10,No,68.3,112,9,Yes,35,223,9,Yes,63,217,10,51.6
Dry,34,completed,431,9,Yes,104,339,9,Yes,74,111,9,Yes,35,99,10,31.3
Dry,35,completed,294,9,Yes,75,280,10,No,75.6,187,10,No,46.3,202,7,43
Dry,36,completed,449,9,Yes,107,244,9,Yes,60,85,10,No,23.5,,,
Dry,37,completed,306,9,Yes,74,441,9,Yes,104,130,9,Yes,36,0,0,0
Dry,38,completed,103,10,No,26.6,278,9,Yes,80,277,9,Yes,70,103,6,27.5
Dry,39,completed,396,9,Yes,105,340,9,Yes,81,255,10,No,56.3,107,10,32.6
Dry,40,completed,357,9,Yes,83,164,9,Yes,45,280,9,Yes,62,86,10,21.4
Dry,41,completed,285,9,Yes,72,136,9,Yes,35,345,9,Yes,85,106,10,22.2
Dry,42,completed,217,10,No,60.3,239,9,Yes,60,218,9,Yes,61,197,7,47.2
Dry,43,completed,376,9,Yes,94,241,9,Yes,62,157,9,Yes,40,153,10,36.3
Dry,44,completed,274,9,Yes,76,87,9,Yes,25,251,9,Yes,61,184,10,50.4
Dry,45,completed,302,9,Yes,73,215,9,Yes,53,195,9,Yes,42,179,10,42.4
Dry,46,completed,335,9,Yes,79,275,9,Yes,65,177,10,No,49.6,213,10,53.2
Dry,47,completed,271,9,Yes,72,180,9,Yes,41,237,9,Yes,55,154,10,35.1
Dry,48,completed,347,9,Yes,68,263,9,Yes,65,286,9,Yes,71,132,10,30.6
Dry,49,completed,279,9,Yes,71,122,9,Yes,34,332,9,Yes,69,142,10,36.2
Dry,50,completed,179,10,No,53.5,343,9,Yes,75,240,9,Yes,56,78,5,16.2
Dry,51,completed,176,10,No,44.1,239,9,Yes,54,384,9,Yes,89,162,10,39.1
Dry,52,completed,261,10,No,74.2,308,9,Yes,81,194,9,Yes,44,90,10,19.4
Dry,53,completed,210,10,No,54.4,164,9,Yes,39,396,9,Yes,99,150,10,36.4
Dry,54,completed,300,9,Yes,71,403,9,Yes,93,228,9,Yes,53,126,9,34.2
Dry,55,completed,434,9,Yes,104,197,9,Yes,48,154,10,No,33.5,,,
Dry,56,completed,92,10,No,28.1,211,9,Yes,60,222,9,Yes,55,108,4,27.5
Dry,57,completed,273,9,Yes,72,388,9,Yes,89,216,9,Yes,53,102,4,23.3
Dry,58,completed,282,9,Yes,70,496,9,Yes,117,59,10,No,16.4,0,0,0
Dry,59,completed,306,9,Yes,72,151,10,No,42.3,166,9,Yes,42,307,10,71.2
Dry,60,completed,217,10,No,61.3,496,10,No,118.4,175,9,Yes,38,0,0,0
Dry,61,completed,237,10,No,58.3,139,9,Yes,32,301,9,Yes,75,66,10,23.1
Dry,62,completed,211,10,No,52.3,187,9,Yes,52,183,9,Yes,49,188,10,49.4
Dry,63,completed,244,10,No,68.1,197,9,Yes,49,212,9,Yes,59,185,10,39.1
Dry,64,completed,239,10,No,45.5,255,9,Yes,69,463,9,Yes,114,129,10,29.5
Dry,65,completed,376,9,Yes,87,230,9,Yes,55,187,9,Yes,46,75,10,23.1
Dry,66,completed,151,10,No,46.3,203,9,Yes,47,330,10,No,82.4,130,10,37.3
Dry,67,completed,241,10,No,63.3,246,9,Yes,64,243,9,Yes,56,85,10,20.2
Dry,68,completed,280,9,Yes,65,196,9,Yes,49,261,9,Yes,62,254,10,61.3
Dry,69,completed,270,10,No,69.6,202,9,Yes,57,200,9,Yes,49,146,10,36.2
Dry,70,completed,243,10,No,58.2,375,9,Yes,100,132,9,Yes,32,1,0,0
Dry,71,completed,221,10,No,54.6,236,9,Yes,62,227,9,Yes,56,161,10,35.2
Dry,72,completed,316,9,Yes,80,390,9,Yes,95,90,9,Yes,25,18,1,5
Dry,73,completed,273,9,Yes,78,203,9,Yes,52,312,9,Yes,66,84,10,23.6
Dry,74,completed,283,9,Yes,66,198,10,No,48.4,125,9,Yes,35,206,10,50.1
Dry,75,completed,136,10,No,35.3,199,9,Yes,53,237,9,Yes,59,131,10,37.2
Dry,76,completed,308,9,Yes,77,275,9,Yes,66,183,9,Yes,45,43,10,15.3
Dry,77,completed,273,9,Yes,58,338,9,Yes,85,211,9,Yes,51,150,8,42.2
Dry,78,completed,238,10,No,53.4,239,9,Yes,61,287,9,Yes,70,107,10,31.6
Dry,79,completed,372,9,Yes,89,142,9,Yes,34,206,10,No,52.1,,,
Dry,80,completed,207,10,No,59.3,186,9,Yes,35,256,9,Yes,62,219,10,56.3
Dry,81,completed,312,9,Yes,82,430,9,Yes,101,113,9,Yes,28,0,0,0
Dry,82,completed,506,9,Yes,121,252,10,No,64.3,94,10,No,28.4,,,
Dry,83,completed,257,10,No,68.5,290,9,Yes,69,324,9,Yes,77,146,10,40.2
Dry,84,completed,275,9,Yes,65,205,9,Yes,54,190,9,Yes,52,156,10,37.2
Dry,85,completed,249,10,No,63.5,203,9,Yes,51,288,9,Yes,64,104,10,25.4
Dry,86,completed,178,10,No,49.4,167,9,Yes,46,186,10,No,46.4,149,10,39.2
Dry,87,completed,333,9,Yes,77,128,9,Yes,40,275,10,No,63.4,71,3,11.2
Dry,88,completed,241,10,No,58.5,293,9,Yes,69,272,9,Yes,62,129,10,36.5
Dry,89,completed,401,9,Yes,82,176,9,Yes,43,130,10,No,34.6,,,
Dry,90,completed,186,10,No,58.5,403,9,Yes,99,150,9,Yes,39,0,0,0
Dry,91,completed,190,10,No,45.5,367,9,Yes,87,118,9,Yes,29,0,0,0
Dry,92,completed,279,9,Yes,68,254,9,Yes,70,183,9,Yes,47,148,10,42.2
Dry,93,completed,186,10,No,43.4,388,9,Yes,92,195,10,No,54.6,0,0,0
Dry,94,completed,270,9,Yes,67,196,9,Yes,46,134,9,Yes,37,209,9,54.1
Dry,95,completed,390,9,Yes,97,382,9,Yes,84,122,9,Yes,28,133,9,36.5
Dry,96,completed,271,9,Yes,63,235,9,Yes,66,217,9,Yes,54,124,10,37.1
Dry,97,completed,311,9,Yes,81,236,9,Yes,48,234,9,Yes,54,216,10,53.3
Dry,98,completed,211,10,No,52.5,285,9,Yes,60,127,9,Yes,30,54,2,12.1
Dry,99,completed,387,9,Yes,91,369,9,Yes,90,88,9,Yes,27,107,4,24.2
Dry,100,completed,537,9,Yes,120,341,10,No,81.3,84,9,Yes,25,65,10,21.4
Hard,1,completed,640,9,Yes,144,437,10,No,110.6,333,10,No,75.3,133,5,43.1
Hard,2,completed,377,9,Yes,101,145,9,Yes,47,166,10,No,44.2,,,
Hard,3,completed,248,10,No,66.3,640,8,Yes,154,173,10,No,44.5,0,0,0
Hard,4,completed,583,9,Yes,141,252,10,No,68.1,302,10,No,82.3,,,
Hard,5,completed,334,9,Yes,78,265,9,Yes,67,130,9,Yes,36,200,5,47.1
Hard,6,completed,558,9,Yes,118,219,10,No,53.1,338,10,No,78.6,,,
Hard,7,completed,461,9,Yes,110,546,8,Yes,136,249,7,Yes,60,167,3,39.2
Hard,8,completed,247,10,No,66.1,160,9,Yes,41,332,9,Yes,83,404,10,99.1
Hard,9,completed,463,10,No,110.6,363,9,Yes,103,265,6,Yes,63,366,6,90.1
Hard,10,completed,598,9,Yes,138,389,10,No,95.5,456,10,No,94.5,248,9,68
Hard,11,completed,340,9,Yes,73,445,9,Yes,102,339,10,No,76.6,183,10,48.1
Hard,12,completed,301,9,Yes,77,331,9,Yes,71,472,9,Yes,114,362,10,89.4
Hard,13,completed,402,9,Yes,99,492,9,Yes,119,307,6,Yes,70,218,8,44.2
Hard,14,completed,633,10,No,139.3,198,10,No,50.4,714,10,No,154.1,280,6,85.4
Hard,15,completed,431,9,Yes,98,415,9,Yes,111,326,6,Yes,70,268,10,64.2
Hard,16,drawn,586,9,Yes,134,518,10,No,123.3,397,6,Yes,84,299,9,96
Hard,17,completed,300,9,Yes,78,314,9,Yes,74,425,9,Yes,100,378,10,87.3
Hard,18,completed,448,9,Yes,107,413,9,Yes,102,261,8,Yes,61,297,6,67
Hard,19,completed,515,9,Yes,124,247,10,No,59.3,450,10,No,109.1,183,2,43.2
Hard,20,completed,385,9,Yes,95,263,10,No,62.5,384,9,Yes,90,306,10,75.1
Hard,21,completed,354,9,Yes,80,214,9,Yes,63,468,9,Yes,115,349,10,79.4
Hard,22,completed,221,10,No,56.3,582,9,Yes,135,321,10,No,84.4,0,0,0
Hard,23,completed,489,9,Yes,115,287,10,No,73.5,302,10,No,68.5,102,4,24.3
Hard,24,completed,305,9,Yes,67,503,9,Yes,107,307,9,Yes,76,110,4,29.1
Hard,25,completed,358,9,Yes,86,346,10,No,76.3,339,9,Yes,81,332,10,85.5
Hard,26,completed,310,9,Yes,69,281,9,Yes,62,275,9,Yes,74,306,0,61.2
Hard,27,completed,395,9,Yes,99,203,9,Yes,47,193,9,Yes,49,340,10,93.1
Hard,28,completed,334,9,Yes,90,574,9,Yes,138,251,7,Yes,71,12,1,4.3
Hard,29,completed,312,9,Yes,67,231,9,Yes,55,364,9,Yes,82,266,10,77.6
Hard,30,completed,314,9,Yes,77,379,9,Yes,82,409,9,Yes,98,226,10,59.3
Hard,31,completed,493,9,Yes,123,170,10,No,42.6,513,10,No,112.5,191,5,47.1
Hard,32,completed,304,9,Yes,70,485,9,Yes,115,322,6,Yes,85,145,3,30.3
Hard,33,completed,339,9,Yes,90,375,9,Yes,98,380,9,Yes,82,345,9,85
Hard,34,completed,471,9,Yes,124,568,8,Yes,131,262,6,Yes,60,167,7,43.5
Hard,35,completed,387,9,Yes,101,347,9,Yes,87,304,9,Yes,74,246,10,60.5
Hard,36,completed,430,9,Yes,100,337,9,Yes,86,239,9,Yes,55,333,6,85.4
Hard,37,completed,326,9,Yes,75,310,9,Yes,71,231,10,No,63.4,248,4,54.1
Hard,38,completed,303,9,Yes,77,318,9,Yes,86,328,9,Yes,75,163,10,43.1
Hard,39,completed,529,9,Yes,138,336,10,No,77.5,262,6,Yes,60,287,10,71.1
Hard,40,completed,375,9,Yes,92,203,9,Yes,51,260,9,Yes,63,433,9,117.4
Hard,41,completed,546,9,Yes,127,489,9,Yes,113,211,9,Yes,58,269,5,80.4
Hard,42,completed,449,9,Yes,105,344,9,Yes,89,241,9,Yes,50,348,5,83.5
Hard,43,completed,601,9,Yes,137,520,10,No,119.4,249,7,Yes,60,297,10,86.2
Hard,44,completed,125,10,No,39.3,343,9,Yes,76,465,9,Yes,103,151,10,34.5
Hard,45,completed,305,9,Yes,73,409,9,Yes,90,339,9,Yes,78,236,6,59.1
Hard,46,completed,303,9,Yes,74,207,9,Yes,48,240,9,Yes,69,339,5,86.3
Hard,47,completed,305,9,Yes,77,493,9,Yes,117,69,9,Yes,20,0,0,0
Hard,48,completed,468,9,Yes,105,274,9,Yes,67,416,9,Yes,93,452,10,109.5
Hard,49,completed,293,10,No,74.3,201,9,Yes,49,526,9,Yes,104,286,10,75.6
Hard,50,completed,167,10,No,52.4,427,9,Yes,93,517,10,No,120.5,259,5,55
Hard,51,completed,509,9,Yes,114,383,10,No,99.6,187,9,Yes,40,185,10,44.5
Hard,52,completed,275,10,No,72.1,415,9,Yes,112,349,9,Yes,78,174,10,51.6
Hard,53,completed,267,10,No,62.6,516,10,No,129.3,259,8,Yes,68,11,1,4.3
Hard,54,completed,272,10,No,60.4,327,9,Yes,76,444,9,Yes,108,391,7,95.1
Hard,55,completed,291,10,No,71.1,266,9,Yes,69,198,9,Yes,44,210,10,55.5
Hard,56,completed,475,9,Yes,110,364,9,Yes,90,296,6,Yes,72,392,10,90.3
Hard,57,completed,364,9,Yes,94,303,9,Yes,69,456,9,Yes,107,389,10,90.6
Hard,58,completed,598,9,Yes,147,257,10,No,58.3,371,10,No,83.2,34,2,7.2
Hard,59,completed,257,10,No,64.1,247,9,Yes,58,433,9,Yes,101,247,10,66.4
Hard,60,completed,295,10,No,75.4,361,9,Yes,93,379,9,Yes,83,252,10,61.6
Hard,61,completed,494,9,Yes,111,277,9,Yes,69,212,10,No,50.2,,,
Hard,62,completed,318,9,Yes,80,437,9,Yes,107,299,9,Yes,72,181,9,43.5
Hard,63,completed,162,10,No,42.6,619,9,Yes,138,468,8,Yes,105,12,0,2.2
Hard,64,completed,308,9,Yes,66,306,9,Yes,78,292,9,Yes,88,254,10,59.4
Hard,65,completed,458,9,Yes,104,190,9,Yes,49,362,10,No,86.2,95,0,18.1
Hard,66,completed,289,10,No,71.3,387,9,Yes,90,440,8,Yes,109,344,7,82.3
Hard,67,drawn,521,9,Yes,129,225,10,No,53.5,686,10,No,151.1,362,6,108
Hard,68,completed,403,9,Yes,88,574,9,Yes,130,219,9,Yes,57,51,1,10.1
Hard,69,completed,372,9,Yes,96,322,9,Yes,84,412,6,Yes,94,246,10,61.2
Hard,70,completed,608,9,Yes,147,604,6,Yes,139,261,6,Yes,67,232,10,78.6
Hard,71,completed,240,10,No,59.4,297,9,Yes,73,406,9,Yes,96,204,10,53.2
Hard,72,completed,608,9,Yes,147,495,10,No,114.3,256,6,Yes,60,370,8,105.5
Hard,73,completed,446,9,Yes,113,322,9,Yes,81,187,9,Yes,50,301,10,75.2
Hard,74,completed,374,9,Yes,87,226,9,Yes,55,303,9,Yes,75,443,10,113.6
Hard,75,completed,612,10,No,144.4,326,10,No,77.2,427,10,No,99.6,143,5,35.2
Hard,76,completed,342,9,Yes,84,162,9,Yes,38,532,9,Yes,123,251,10,66.3
Hard,77,completed,389,9,Yes,88,526,9,Yes,139,227,8,Yes,60,93,2,19
Hard,78,completed,375,9,Yes,85,448,9,Yes,107,315,7,Yes,78,243,8,58.2
Hard,79,completed,342,9,Yes,83,464,9,Yes,98,233,9,Yes,60,112,4,30.3
Hard,80,completed,321,9,Yes,78,313,9,Yes,69,497,7,Yes,122,335,10,79.3
Hard,81,completed,258,10,No,62.6,246,9,Yes,61,449,9,Yes,101,462,9,122.1
Hard,82,completed,570,9,Yes,131,467,10,No,122.4,291,6,Yes,74,395,9,95
Hard,83,completed,235,10,No,57.6,346,9,Yes,82,146,9,Yes,40,36,1,7.5
Hard,84,completed,399,9,Yes,85,309,9,Yes,84,317,10,No,75.5,408,8,90.5
Hard,85,completed,285,10,No,70.4,229,9,Yes,53,372,9,Yes,83,380,10,86.5
Hard,86,completed,360,9,Yes,84,447,9,Yes,113,319,6,Yes,73,190,10,47.2
Hard,87,completed,276,10,No,66.5,516,9,Yes,116,329,9,Yes,72,91,3,23.3
Hard,88,completed,359,9,Yes,86,377,9,Yes,92,395,8,Yes,92,280,10,65.1
Hard,89,completed,292,10,No,60.5,332,9,Yes,73,297,9,Yes,72,258,3,57
Hard,90,completed,661,9,Yes,159,480,10,No,110.5,240,6,Yes,60,275,10,82.6
Hard,91,completed,525,9,Yes,126,374,9,Yes,90,247,8,Yes,60,399,9,104.5
Hard,92,completed,400,9,Yes,99,435,10,No,113.6,367,6,Yes,85,238,10,69.3
Hard,93,completed,748,9,Yes,157,280,10,No,77.1,137,10,No,35.2,,,
Hard,94,completed,344,9,Yes,77,474,9,Yes,112,304,9,Yes,75,175,4,41.1
Hard,95,completed,332,9,Yes,87,654,8,Yes,146,359,7,Yes,79,38,1,12.4
Hard,96,completed,292,10,No,66.3,454,9,Yes,122,322,7,Yes,82,161,3,34
Hard,97,completed,397,10,No,100.4,299,9,Yes,66,422,8,Yes,104,524,7,131.2
Hard,98,completed,290,10,No,67.6,563,9,Yes,119,369,9,Yes,83,97,4,24
Hard,99,completed,679,9,Yes,150,214,10,No,54.2,462,10,No,104.2,,,
Hard,100,completed,395,9,Yes,89,416,9,Yes,93,367,8,Yes,88,291,10,74.2
Flat,1,completed,848,5,Yes,180,348,10,No,84.3,477,10,No,93.3,,,
Flat,2,completed,644,9,Yes,149,497,10,No,118.3,433,6,Yes,84,313,10,72.6
Flat,3,completed,815,5,Yes,180,533,10,No,117.3,378,10,No,77.6,100,2,28.3
Flat,4,completed,706,9,Yes,164,712,10,No,141.6,263,6,Yes,53,259,2,70.1
Flat,5,completed,665,9,Yes,140,393,10,No,81.2,342,10,No,76.2,71,0,16.1
Flat,6,completed,625,9,Yes,127,522,9,Yes,108,382,6,Yes,80,319,10,82.3
Flat,7,drawn,788,6,Yes,180,601,10,No,136.2,449,6,Yes,92,170,6,42
Flat,8,completed,348,9,Yes,81,325,9,Yes,78,509,6,Yes,111,533,9,125.2
Flat,9,completed,783,6,Yes,180,495,10,No,111.6,456,10,No,96.2,173,3,48.5
Flat,10,completed,639,9,Yes,144,598,5,Yes,125,326,6,Yes,70,368,5,99.5
Flat,11,completed,344,10,No,72.2,717,6,Yes,152,230,10,No,52.5,0,0,0
Flat,12,completed,483,9,Yes,108,371,9,Yes,82,390,6,Yes,84,506,9,126
Flat,13,completed,558,9,Yes,121,642,5,Yes,132,281,6,Yes,60,198,3,42.3
Flat,14,completed,763,9,Yes,151,379,10,No,91.3,579,10,No,130.2,197,5,66.5
Flat,15,completed,671,9,Yes,153,436,10,No,100.4,409,10,No,89.1,175,4,38.5
Flat,16,drawn,743,10,No,166.3,734,10,No,150.6,405,6,Yes,81,200,9,53
Flat,17,completed,406,9,Yes,94,677,6,Yes,143,309,7,Yes,60,41,1,10.2
Flat,18,completed,792,6,Yes,180,454,10,No,98.3,520,10,No,104.5,183,1,60.5
Flat,19,completed,613,9,Yes,134,567,6,Yes,127,309,6,Yes,66,356,8,99.1
Flat,20,completed,656,9,Yes,151,664,8,Yes,129,289,7,Yes,60,282,2,88.2
Flat,21,completed,518,9,Yes,119,552,8,Yes,133,298,6,Yes,65,269,5,63.5
Flat,22,completed,364,9,Yes,79,585,9,Yes,124,444,5,Yes,100,226,2,41.5
Flat,23,drawn,765,9,Yes,164,844,10,No,169.3,478,5,Yes,100,53,4,17
Flat,24,drawn,785,9,Yes,152,567,10,No,131.3,601,10,No,118.2,161,2,38
Flat,25,drawn,791,9,Yes,165,855,6,Yes,171,434,6,Yes,84,88,1,20
Flat,26,completed,605,9,Yes,120,391,10,No,95.1,350,10,No,76.2,137,2,31.4
Flat,27,completed,534,9,Yes,120,440,9,Yes,94,362,6,Yes,74,282,10,65.4
Flat,28,completed,439,9,Yes,103,575,9,Yes,131,233,7,Yes,60,98,1,21
Flat,29,completed,452,10,No,93.5,324,9,Yes,67,344,9,Yes,70,473,7,123.5
Flat,30,completed,585,9,Yes,131,336,10,No,74.4,776,10,No,147.4,369,10,94.5
Flat,31,completed,630,9,Yes,145,525,10,No,104.1,440,6,Yes,92,316,10,81.5
Flat,32,completed,669,9,Yes,149,631,10,No,140.5,277,9,Yes,57,282,10,82.5
Flat,33,completed,421,9,Yes,94,619,7,Yes,143,483,5,Yes,100,286,9,73
Flat,34,drawn,847,9,Yes,176,511,10,No,120.4,531,10,No,116.3,94,5,27
Flat,35,completed,825,5,Yes,180,126,10,No,27.4,569,10,No,115.4,,,
Flat,36,completed,709,9,Yes,152,604,10,No,128.6,247,7,Yes,60,356,5,88.1
Flat,37,drawn,529,9,Yes,105,212,10,No,48.6,875,10,No,183.1,425,8,103
Flat,38,drawn,650,9,Yes,147,646,9,Yes,144,500,6,Yes,96,276,4,63
Flat,39,completed,578,9,Yes,138,370,10,No,74.5,533,10,No,113.6,326,4,81
Flat,40,drawn,669,9,Yes,155,557,10,No,123.3,333,6,Yes,64,407,6,108
Flat,41,completed,657,9,Yes,144,630,8,Yes,133,454,6,Yes,86,336,10,85.1
Flat,42,completed,789,9,Yes,165,478,10,No,104.1,490,10,No,92.6,183,6,44.4
Flat,43,completed,799,9,Yes,170,516,10,No,112.3,312,10,No,73.3,31,0,10.1
Flat,44,completed,351,9,Yes,84,547,9,Yes,117,268,6,Yes,60,74,1,17.4
Flat,45,completed,748,9,Yes,157,231,10,No,50.3,773,10,No,158.2,258,5,71.4
Flat,46,completed,382,9,Yes,89,393,9,Yes,95,237,9,Yes,62,229,4,51.4
Flat,47,completed,818,7,Yes,180,445,10,No,90.1,224,10,No,53.3,,,
Flat,48,completed,632,9,Yes,128,466,10,No,114.6,231,9,Yes,51,398,2,97.4
Flat,49,completed,433,9,Yes,96,504,9,Yes,100,539,5,Yes,100,379,10,87.2
Flat,50,completed,346,9,Yes,79,445,9,Yes,89,330,9,Yes,75,232,5,52.1
Flat,51,completed,678,9,Yes,144,494,10,No,109.3,362,6,Yes,74,376,10,107.5
Flat,52,completed,458,9,Yes,102,344,9,Yes,94,355,9,Yes,73,175,10,46.6
Flat,53,completed,827,9,Yes,174,342,10,No,83.5,274,10,No,65.3,,,
Flat,54,completed,427,9,Yes,87,476,9,Yes,103,365,7,Yes,80,317,5,71.5
Flat,55,drawn,806,9,Yes,172,565,10,No,111.2,541,10,No,103.4,257,4,64
Flat,56,drawn,769,10,No,162.6,852,8,Yes,167,299,6,Yes,66,178,2,44
Flat,57,drawn,626,9,Yes,141,426,10,No,91.6,622,10,No,131.6,324,9,87
Flat,58,drawn,699,9,Yes,157,708,9,Yes,137,308,8,Yes,60,299,7,96
Flat,59,completed,300,10,No,66.6,703,7,Yes,154,192,10,No,41.4,0,0,0
Flat,60,completed,466,9,Yes,107,567,9,Yes,121,448,6,Yes,85,274,10,74.4
Flat,61,drawn,849,8,Yes,180,312,10,No,83.1,631,10,No,135.1,91,2,26
Flat,62,completed,845,9,Yes,171,236,10,No,57.6,312,10,No,66.6,,,
Flat,63,drawn,886,8,Yes,180,798,10,No,158.5,404,6,Yes,82,141,3,30
Flat,64,completed,355,9,Yes,71,496,9,Yes,112,378,6,Yes,85,238,6,51.4
Flat,65,drawn,670,9,Yes,141,569,10,No,115.1,361,6,Yes,80,433,8,114
Flat,66,completed,373,9,Yes,81,662,7,Yes,148,526,4,Yes,100,238,5,65.1
Flat,67,completed,567,9,Yes,130,265,10,No,57.4,521,10,No,99.1,220,8,50.5
Flat,68,completed,564,9,Yes,113,624,7,Yes,135,311,6,Yes,65,253,8,53.1
Flat,69,completed,515,9,Yes,121,371,9,Yes,87,387,6,Yes,80,496,10,142.4
Flat,70,drawn,796,4,Yes,180,753,10,No,145.1,353,6,Yes,75,234,1,50
Flat,71,completed,380,9,Yes,86,501,9,Yes,106,414,6,Yes,89,295,2,74.4
Flat,72,drawn,828,3,Yes,180,735,10,No,151.3,399,6,Yes,79,151,5,40
Flat,73,completed,783,8,Yes,180,570,10,No,118.6,371,10,No,78.6,159,1,49.3
Flat,74,completed,432,9,Yes,98,659,9,Yes,137,251,10,No,54.2,25,2,6.1
Flat,75,drawn,833,7,Yes,180,632,10,No,122.5,718,9,No,148,,,
Flat,76,completed,412,9,Yes,89,368,9,Yes,78,528,9,Yes,103,451,10,108.5
Flat,77,drawn,801,7,Yes,180,527,10,No,108.6,542,10,No,97.3,195,8,53
Flat,78,completed,628,9,Yes,121,458,10,No,108.2,504,5,Yes,100,367,10,84.5
Flat,79,drawn,835,9,Yes,172,482,10,No,105.6,887,9,No,173,,,
Flat,80,completed,395,9,Yes,87,395,9,Yes,80,485,3,Yes,103,486,7,115.3
Flat,81,completed,436,9,Yes,96,521,9,Yes,110,397,6,Yes,82,313,3,84.3
Flat,82,completed,762,9,Yes,177,593,10,No,129.3,429,8,Yes,87,144,10,39.3
Flat,83,completed,419,9,Yes,98,645,8,Yes,141,306,6,Yes,70,81,0,20.1
Flat,84,completed,731,9,Yes,161,376,10,No,85.6,567,10,No,119.4,214,8,61.2
Flat,85,completed,579,9,Yes,126,621,8,Yes,130,306,7,Yes,60,265,5,71
Flat,86,completed,462,9,Yes,100,611,9,Yes,137,300,8,Yes,60,152,5,32.2
Flat,87,drawn,773,9,Yes,167,547,10,No,106.4,585,10,No,116.4,236,7,61
Flat,88,drawn,638,9,Yes,146,568,10,No,131.3,532,5,Yes,104,313,6,69
Flat,89,completed,351,9,Yes,66,697,9,Yes,148,366,6,Yes,77,22,0,3.2
Flat,90,drawn,839,6,Yes,180,656,10,No,131.2,408,6,Yes,89,185,4,50
Flat,91,completed,844,6,Yes,180,456,10,No,98.5,522,10,No,97.4,135,4,40.2
Flat,92,completed,495,9,Yes,117,419,9,Yes,98,301,6,Yes,72,348,10,80.4
Flat,93,completed,860,8,Yes,180,366,10,No,82.6,493,10,No,101.6,,,
Flat,94,completed,795,9,Yes,165,428,10,No,94.5,415,10,No,87.2,49,0,11.5
Flat,95,completed,603,9,Yes,129,647,2,Yes,129,245,8,Yes,60,202,4,45
Flat,96,completed,452,9,Yes,97,591,9,Yes,141,441,6,Yes,91,266,10,83.3
Flat,97,completed,687,10,No,147.3,214,10,No,46.2,548,10,No,114.1,76,2,18.2
Flat,98,completed,309,10,No,68.1,571,9,Yes,115,441,8,Yes,87,180,6,44.4
Flat,99,completed,764,9,Yes,161,754,10,No,151.1,231,6,Yes,56,245,1,68.3
Flat,100,completed,360,9,Yes,81,550,9,Yes,120,346,6,Yes,74,157,4,36.2
Dead,1,drawn,890,5,Yes,180,895,4,Yes,167,488,6,Yes,100,20,0,3
Dead,2,drawn,844,8,Yes,180,848,7,Yes,174,309,6,Yes,58,157,2,38
Dead,3,drawn,905,2,Yes,180,906,4,Yes,180,265,7,Yes,54,145,4,36
Dead,4,drawn,849,6,Yes,180,809,10,No,155.5,351,7,Yes,69,188,5,46
Dead,5,drawn,935,5,Yes,180,937,8,Yes,168,490,4,No,89,,,
Dead,6,drawn,961,4,Yes,180,962,4,Yes,181,419,6,Yes,81,31,2,8
Dead,7,drawn,845,4,Yes,180,891,4,Yes,162,567,2,Yes,100,40,0,8
Dead,8,drawn,864,7,Yes,180,870,7,Yes,163,311,6,Yes,65,130,1,29
Dead,9,drawn,856,5,Yes,180,739,10,No,148.2,550,5,Yes,100,88,3,22
Dead,10,drawn,898,5,Yes,180,900,6,Yes,167,514,3,Yes,100,12,1,3
Dead,11,drawn,945,7,Yes,180,801,10,No,153.2,367,7,Yes,71,202,5,46
Dead,12,drawn,927,3,Yes,180,866,10,No,159.5,572,5,Yes,100,42,0,11
Dead,13,drawn,860,3,Yes,180,863,9,Yes,157,397,6,Yes,80,104,1,23
Dead,14,completed,939,2,Yes,180,494,10,No,111.5,420,10,No,90.2,,,
Dead,15,drawn,720,9,Yes,162,581,10,No,124.2,373,6,Yes,72,375,7,92
Dead,16,drawn,854,7,Yes,180,868,8,Yes,162,283,8,Yes,65,189,4,43
Dead,17,drawn,921,6,Yes,180,930,9,Yes,189,442,5,No,81,,,
Dead,18,drawn,845,1,Yes,180,710,10,No,133.5,461,7,Yes,83,263,4,54
Dead,19,drawn,861,7,Yes,180,873,8,Yes,162,318,6,Yes,60,192,2,38
Dead,20,drawn,837,7,Yes,180,838,8,Yes,163,280,6,Yes,65,165,3,42
Dead,21,drawn,857,3,Yes,180,704,10,No,140.3,244,7,Yes,52,336,8,78
Dead,22,drawn,679,9,Yes,131,637,6,Yes,131,520,5,Yes,100,322,5,79
Dead,23,drawn,924,5,Yes,180,843,10,No,151.6,349,6,Yes,72,226,2,47
Dead,24,drawn,962,6,Yes,180,943,10,No,182.1,445,5,No,88,,,
Dead,25,drawn,904,3,Yes,180,521,10,No,108.6,762,10,No,136.5,83,0,17
Dead,26,drawn,920,6,Yes,180,924,9,Yes,163,317,6,Yes,65,203,1,42
Dead,27,drawn,899,6,Yes,180,901,7,Yes,160,507,2,No,99,,,
Dead,28,drawn,846,6,Yes,180,884,5,Yes,162,325,6,Yes,65,168,5,43
Dead,29,drawn,927,8,Yes,180,856,10,No,153.6,301,6,Yes,64,210,1,42
Dead,30,drawn,960,5,Yes,180,868,10,No,164.2,522,3,No,95,,,
Dead,31,drawn,906,4,Yes,180,907,8,Yes,165,354,6,Yes,71,79,2,23
Dead,32,drawn,908,4,Yes,180,934,8,Yes,162,574,4,Yes,100,51,1,8
Dead,33,drawn,680,9,Yes,142,680,8,Yes,147,510,5,Yes,100,244,1,61
Dead,34,drawn,901,4,Yes,180,905,6,Yes,171,367,6,Yes,67,139,4,32
Dead,35,drawn,824,4,Yes,180,680,10,No,121.6,351,10,No,68.4,281,2,62
Dead,36,drawn,862,6,Yes,180,867,8,Yes,166,513,4,No,95,,,
Dead,37,drawn,940,5,Yes,180,947,7,Yes,171,472,3,No,88,,,
Dead,38,drawn,878,4,Yes,180,883,6,Yes,173,484,4,No,97,,,
Dead,39,drawn,737,9,Yes,161,810,7,Yes,166,406,7,Yes,74,192,2,49
Dead,40,drawn,890,5,Yes,180,901,9,Yes,165,412,6,Yes,78,107,3,27
Dead,41,drawn,970,2,Yes,180,971,5,Yes,172,306,6,Yes,68,111,4,30
Dead,42,drawn,900,6,Yes,180,820,10,No,150.1,515,6,Yes,96,91,3,24
Dead,43,drawn,929,5,Yes,180,708,10,No,147.6,531,10,No,103.5,102,2,20
Dead,44,drawn,867,7,Yes,180,918,9,Yes,162,323,6,Yes,67,168,4,41
Dead,45,drawn,940,3,Yes,180,944,8,Yes,172,486,6,Yes,92,28,0,6
Dead,46,drawn,901,6,Yes,180,902,4,Yes,165,477,6,Yes,81,82,1,24
Dead,47,drawn,884,4,Yes,180,918,6,Yes,162,338,6,Yes,65,189,3,43
Dead,48,drawn,971,7,Yes,180,975,9,Yes,185,427,4,No,85,,,
Dead,49,completed,920,6,Yes,180,708,10,No,127.2,354,10,No,73.6,143,3,30.2
Dead,50,drawn,1013,4,Yes,180,837,10,No,163.2,419,6,Yes,84,89,1,23
Dead,51,completed,902,4,Yes,180,368,10,No,73.3,481,10,No,89.1,,,
Dead,52,drawn,909,3,Yes,180,719,10,No,141.2,542,4,Yes,100,134,3,29
Dead,53,drawn,884,3,Yes,180,889,7,Yes,169,511,6,Yes,88,52,0,13
Dead,54,drawn,933,5,Yes,180,784,10,No,153.2,494,6,Yes,92,125,1,25
Dead,55,drawn,912,7,Yes,180,919,6,Yes,169,523,1,Yes,100,8,0,1
Dead,56,drawn,889,9,Yes,178,891,7,Yes,178,513,5,No,94,,,
Dead,57,drawn,870,5,Yes,180,526,10,No,110.2,690,10,No,122.6,155,2,38
Dead,58,drawn,874,5,Yes,180,768,10,No,140.4,411,6,Yes,81,212,7,49
Dead,59,drawn,992,3,Yes,180,717,10,No,142.1,582,10,No,116.1,49,0,12
Dead,60,drawn,826,8,Yes,180,824,10,No,161.1,526,5,Yes,100,46,0,9
Dead,61,drawn,910,6,Yes,180,914,8,Yes,167,384,6,Yes,72,155,3,31
Dead,62,drawn,945,6,Yes,180,514,10,No,101.1,841,10,No,145.3,96,2,24
Dead,63,drawn,918,3,Yes,180,881,10,No,165.5,480,6,Yes,94,40,0,11
Dead,64,drawn,999,1,Yes,180,381,10,No,81.6,996,10,No,180.4,44,0,9
Dead,65,completed,930,8,Yes,180,631,10,No,123.2,409,10,No,72.4,111,1,25
Dead,66,drawn,886,6,Yes,180,827,10,No,145.2,382,7,Yes,75,183,4,50
Dead,67,drawn,881,5,Yes,180,808,10,No,142.5,473,6,Yes,86,162,3,42
Dead,68,drawn,980,2,Yes,180,714,10,No,147.6,423,10,No,81.2,139,4,42
Dead,69,drawn,872,5,Yes,180,721,10,No,138.1,561,5,Yes,100,169,3,32
Dead,70,drawn,849,3,Yes,180,867,8,Yes,162,591,4,Yes,100,31,1,8
Dead,71,drawn,945,2,Yes,180,946,6,Yes,179,448,2,No,91,,,
Dead,72,drawn,887,2,Yes,180,864,10,No,159.4,322,6,Yes,67,201,3,44
Dead,73,completed,853,3,Yes,180,436,10,No,85.6,603,10,No,110.6,188,0,49.4
Dead,74,drawn,936,1,Yes,180,939,7,Yes,162,220,10,No,50.2,190,0,48
Dead,75,drawn,872,1,Yes,180,946,7,Yes,162,365,6,Yes,75,121,3,33
Dead,76,drawn,937,5,Yes,180,819,10,No,150.2,368,6,Yes,72,218,4,48
Dead,77,drawn,886,5,Yes,180,889,6,Yes,182,461,4,No,88,,,
Dead,78,drawn,928,8,Yes,180,815,10,No,157.6,413,6,Yes,86,41,1,14
Dead,79,drawn,920,5,Yes,180,925,8,Yes,165,317,7,Yes,63,198,4,42
Dead,80,drawn,952,5,Yes,180,959,5,Yes,177,314,6,Yes,61,150,2,32
Dead,81,drawn,912,7,Yes,180,915,3,Yes,163,348,6,Yes,65,176,4,42
Dead,82,drawn,901,1,Yes,180,846,10,No,164.3,556,5,Yes,100,21,0,6
Dead,83,drawn,900,7,Yes,180,511,10,No,101.2,856,9,No,156,,,
Dead,84,drawn,923,3,Yes,180,928,9,Yes,165,326,6,Yes,66,181,4,39
Dead,85,drawn,925,5,Yes,180,739,10,No,139.3,386,8,Yes,79,202,4,52
Dead,86,drawn,877,2,Yes,180,878,5,Yes,164,534,4,Yes,100,16,0,6
Dead,87,drawn,925,2,Yes,180,928,5,Yes,164,529,6,Yes,87,83,2,19
Dead,88,drawn,894,4,Yes,180,897,9,Yes,174,499,4,No,96,,,
Dead,89,drawn,972,8,Yes,180,978,7,Yes,184,356,6,Yes,70,89,5,16
Dead,90,drawn,868,3,Yes,180,939,6,Yes,162,354,6,Yes,71,112,2,26
Dead,91,drawn,916,1,Yes,180,918,8,Yes,176,525,5,No,94,,,
Dead,92,drawn,834,5,Yes,180,907,7,Yes,162,324,6,Yes,70,169,3,38
Dead,93,drawn,898,5,Yes,180,905,7,Yes,162,471,6,Yes,97,64,0,11
Dead,94,drawn,946,8,Yes,180,778,10,No,145.1,462,6,Yes,85,191,3,40
Dead,95,drawn,897,6,Yes,180,918,5,Yes,162,559,5,Yes,100,61,0,8
Dead,96,drawn,878,8,Yes,180,880,6,Yes,162,541,2,Yes,100,49,0,8
Dead,97,drawn,957,6,Yes,180,958,6,Yes,175,385,6,Yes,76,34,2,8
Dead,98,drawn,984,2,Yes,180,763,10,No,144.3,668,6,No,114,,,
Dead,99,drawn,887,3,Yes,180,891,4,Yes,164,395,7,Yes,76,126,2,30
Dead,100,drawn,915,5,Yes,180,919,8,Yes,167,514,1,Yes,100,16,0,3
